AccountID,PortfolioID,UserID,AccountType,Balance,AccountStatus
1,2001,1,Business,53781.04,Closed
2,2002,2,Checking,81904.65,Suspended
3,2003,3,Business,65829.55,Active
4,2004,4,Business,30859.55,Active
5,2005,5,Savings,48202.25,Closed
6,2006,6,Checking,52114.43,Active
7,2007,7,Savings,57927.83,Active
8,2008,8,Savings,33506.78,Active
9,2009,9,Business,42788.23,Active
10,2010,10,Business,47295.24,Closed
11,2011,11,Business,35130.67,Suspended
12,2012,12,Checking,13935.27,Suspended
13,2013,13,Checking,34086.57,Active
14,2014,14,Savings,97331.02,Suspended
15,2015,15,Checking,68305.02,Suspended
16,2016,16,Checking,23141.37,Suspended
17,2017,17,Savings,9687.27,Active
18,2018,18,Checking,81234.87,Suspended
19,2019,19,Business,25561.6,Suspended
20,2020,20,Checking,65406.02,Suspended
21,2021,21,Checking,75428.87,Closed
22,2022,22,Savings,36045.05,Suspended
23,2023,23,Checking,82223.78,Active
24,2024,24,Savings,47611.21,Suspended
25,2025,25,Savings,94078.75,Suspended
26,2026,26,Checking,84247.98,Active
27,2027,27,Business,38986.34,Suspended
28,2028,28,Savings,20089.56,Active
29,2029,29,Business,74512.77,Closed
30,2030,30,Savings,24575.53,Active
31,2031,31,Savings,48079.54,Suspended
32,2032,32,Checking,58131.19,Active
33,2033,33,Checking,94846.19,Suspended
34,2034,34,Business,38124.98,Active
35,2035,35,Savings,96216.59,Closed
36,2036,36,Business,68559.23,Active
37,2037,37,Checking,34570.68,Suspended
38,2038,38,Savings,41104.88,Closed
39,2039,39,Business,14279.59,Closed
40,2040,40,Business,45132.25,Closed
41,2041,41,Savings,47979.78,Suspended
42,2042,42,Checking,12867.82,Closed
43,2043,43,Savings,44665.82,Closed
44,2044,44,Savings,95467.93,Suspended
45,2045,45,Checking,98458.01,Closed
46,2046,46,Savings,51329.24,Closed
47,2047,47,Savings,31528.27,Active
48,2048,48,Checking,68036.85,Suspended
49,2049,49,Checking,59194.06,Suspended
50,2050,50,Savings,22926.84,Suspended
51,2051,51,Savings,93140.22,Closed
52,2052,52,Business,25621.46,Active
53,2053,53,Savings,18681.36,Suspended
54,2054,54,Checking,1515.71,Suspended
55,2055,55,Savings,15856.77,Suspended
56,2056,56,Savings,85862.33,Closed
57,2057,57,Business,41874.8,Closed
58,2058,58,Checking,18025.69,Suspended
59,2059,59,Business,55222.71,Closed
60,2060,60,Savings,65425.73,Suspended
61,2061,61,Checking,64467.56,Closed
62,2062,62,Business,41361.68,Suspended
63,2063,63,Business,15104.28,Suspended
64,2064,64,Business,60619,Active
65,2065,65,Savings,3460.2,Active
66,2066,66,Business,830.57,Suspended
67,2067,67,Savings,7515.83,Closed
68,2068,68,Savings,80423.61,Active
69,2069,69,Savings,84615.09,Suspended
70,2070,70,Business,28675.97,Closed
71,2071,71,Savings,53975.05,Closed
72,2072,72,Checking,19148.48,Closed
73,2073,73,Business,9547.93,Active
74,2074,74,Business,63598.45,Suspended
75,2075,75,Savings,15590.4,Closed
76,2076,76,Savings,91553.21,Closed
77,2077,77,Business,80508.96,Closed
78,2078,78,Business,86153.1,Active
79,2079,79,Business,73131.48,Closed
80,2080,80,Savings,18330.33,Suspended
81,2081,81,Business,29145.87,Active
82,2082,82,Business,99488.14,Closed
83,2083,83,Checking,44267.12,Closed
84,2084,84,Savings,45745.28,Active
85,2085,85,Business,24065.66,Active
86,2086,86,Savings,87799.48,Suspended
87,2087,87,Savings,26320.4,Closed
88,2088,88,Savings,73154.08,Suspended
89,2089,89,Checking,21398.32,Active
90,2090,90,Savings,22303.67,Suspended
91,2091,91,Business,21200.48,Suspended
92,2092,92,Savings,24662.77,Closed
93,2093,93,Savings,77831,Closed
94,2094,94,Business,4252.56,Suspended
95,2095,95,Savings,73477.81,Suspended
96,2096,96,Checking,56.1,Suspended
97,2097,97,Checking,74880.38,Suspended
98,2098,98,Checking,60587.46,Closed
99,2099,99,Business,36375.14,Suspended
100,2100,100,Savings,65449.88,Closed
101,2101,101,Business,24358.82,Suspended
102,2102,102,Savings,79012.4,Suspended
103,2103,103,Checking,2484.48,Suspended
104,2104,104,Savings,26419.79,Active
105,2105,105,Savings,44520.17,Active
106,2106,106,Checking,6107.81,Closed
107,2107,107,Checking,49499.83,Active
108,2108,108,Checking,72645.32,Suspended
109,2109,109,Checking,58245.87,Active
110,2110,110,Savings,23034.29,Suspended
111,2111,111,Business,27351.12,Active
112,2112,112,Savings,56067.19,Closed
113,2113,113,Checking,29129.22,Suspended
114,2114,114,Savings,34239.63,Active
115,2115,115,Business,47881.36,Suspended
116,2116,116,Savings,17720.01,Closed
117,2117,117,Business,14094.21,Suspended
118,2118,118,Checking,59918.23,Suspended
119,2119,119,Savings,45242.5,Active
120,2120,120,Checking,41459.1,Closed
121,2121,121,Savings,46161.39,Suspended
122,2122,122,Business,90908.55,Closed
123,2123,123,Savings,48743.47,Closed
124,2124,124,Checking,8781.47,Active
125,2125,125,Business,76334.45,Active
126,2126,126,Business,41686.4,Closed
127,2127,127,Savings,74560.12,Active
128,2128,128,Checking,24737.19,Active
129,2129,129,Checking,44978.21,Active
130,2130,130,Business,57453.56,Active
131,2131,131,Checking,52069.87,Active
132,2132,132,Checking,53997.82,Active
133,2133,133,Checking,57205.14,Closed
134,2134,134,Savings,84572.15,Closed
135,2135,135,Savings,83046.88,Suspended
136,2136,136,Business,25608.37,Active
137,2137,137,Checking,75818.19,Closed
138,2138,138,Business,37505.67,Suspended
139,2139,139,Savings,10792.36,Closed
140,2140,140,Business,12244.01,Suspended
141,2141,141,Checking,52557.79,Closed
142,2142,142,Business,72748.54,Suspended
143,2143,143,Business,97586.83,Closed
144,2144,144,Savings,-671.95,Closed
145,2145,145,Checking,65426.65,Active
146,2146,146,Savings,21283.35,Suspended
147,2147,147,Savings,84075.21,Closed
148,2148,148,Savings,21285.31,Closed
149,2149,149,Savings,85287.07,Active
150,2150,150,Savings,33414.95,Active
151,2151,151,Business,65936.89,Suspended
152,2152,152,Savings,-784.24,Suspended
153,2153,153,Savings,93250.58,Active
154,2154,154,Savings,95231.82,Closed
155,2155,155,Checking,91520.21,Closed
156,2156,156,Savings,69551.05,Suspended
157,2157,157,Savings,47424.4,Closed
158,2158,158,Checking,46386.53,Suspended
159,2159,159,Savings,57134.97,Active
160,2160,160,Checking,45632.07,Suspended
161,2161,161,Checking,85250.38,Suspended
162,2162,162,Business,1414.87,Active
163,2163,163,Checking,84857.97,Active
164,2164,164,Checking,53340.04,Closed
165,2165,165,Business,13645.2,Suspended
166,2166,166,Business,65767.23,Suspended
167,2167,167,Business,88446.45,Closed
168,2168,168,Checking,68633.48,Active
169,2169,169,Savings,23131,Active
170,2170,170,Savings,58445.72,Closed
171,2171,171,Savings,40560.7,Active
172,2172,172,Business,6332.35,Closed
173,2173,173,Business,38277.28,Suspended
174,2174,174,Checking,14251.43,Closed
175,2175,175,Checking,19987.59,Active
176,2176,176,Checking,27736.52,Suspended
177,2177,177,Savings,83704.79,Active
178,2178,178,Checking,72322.16,Active
179,2179,179,Business,16304.26,Suspended
180,2180,180,Checking,24074.17,Suspended
181,2181,181,Savings,17278.31,Active
182,2182,182,Checking,29342.48,Active
183,2183,183,Checking,23475.37,Active
184,2184,184,Savings,65848.8,Suspended
185,2185,185,Savings,33843.11,Closed
186,2186,186,Checking,31345.86,Suspended
187,2187,187,Checking,18093.38,Suspended
188,2188,188,Checking,1662.43,Closed
189,2189,189,Checking,45367.44,Closed
190,2190,190,Checking,56078.6,Suspended
191,2191,191,Savings,87210.18,Closed
192,2192,192,Savings,69526.65,Suspended
193,2193,193,Business,58354.02,Suspended
194,2194,194,Checking,85771.82,Suspended
195,2195,195,Savings,50479.11,Active
196,2196,196,Business,10679.8,Closed
197,2197,197,Business,62398.91,Active
198,2198,198,Business,59927.98,Closed
199,2199,199,Checking,56856.04,Suspended
200,2200,200,Business,93466.84,Closed
201,2201,201,Savings,59423.28,Active
202,2202,202,Savings,56032.77,Active
203,2203,203,Checking,98267.15,Active
204,2204,204,Savings,68667.78,Active
205,2205,205,Checking,92327.2,Active
206,2206,206,Business,12401.62,Active
207,2207,207,Savings,72796.94,Active
208,2208,208,Checking,49959.15,Suspended
209,2209,209,Checking,14560.05,Active
210,2210,210,Savings,77358.88,Active
211,2211,211,Savings,84909.33,Closed
212,2212,212,Checking,7111.02,Active
213,2213,213,Savings,59808.77,Closed
214,2214,214,Checking,19239.47,Closed
215,2215,215,Business,84467.71,Suspended
216,2216,216,Savings,46891.83,Suspended
217,2217,217,Checking,18787.09,Closed
218,2218,218,Business,21966.87,Suspended
219,2219,219,Savings,60053.41,Active
220,2220,220,Savings,70611.86,Closed
221,2221,221,Checking,53083.06,Closed
222,2222,222,Savings,89649.95,Suspended
223,2223,223,Business,26415.69,Active
224,2224,224,Savings,689.59,Suspended
225,2225,225,Savings,96258.23,Active
226,2226,226,Business,22439.91,Active
227,2227,227,Checking,10779.2,Suspended
228,2228,228,Checking,92471.56,Active
229,2229,229,Checking,24679.13,Closed
230,2230,230,Checking,59723.68,Closed
231,2231,231,Checking,73538.51,Active
232,2232,232,Checking,89660.25,Suspended
233,2233,233,Savings,29708.79,Closed
234,2234,234,Checking,6056.29,Suspended
235,2235,235,Business,95811.99,Closed
236,2236,236,Business,97075.74,Suspended
237,2237,237,Savings,85094.48,Suspended
238,2238,238,Business,37583.87,Active
239,2239,239,Savings,8187.96,Suspended
240,2240,240,Savings,47004.16,Active
241,2241,241,Checking,89414.24,Closed
242,2242,242,Savings,78759.32,Closed
243,2243,243,Checking,92167.84,Closed
244,2244,244,Checking,48739.73,Active
245,2245,245,Business,7181.17,Suspended
246,2246,246,Savings,73550.64,Active
247,2247,247,Business,17437.85,Closed
248,2248,248,Business,82126.37,Suspended
249,2249,249,Savings,69946.04,Active
250,2250,250,Savings,59219.01,Suspended
251,2251,251,Savings,24931.14,Active
252,2252,252,Checking,98170.67,Active
253,2253,253,Business,92989.22,Closed
254,2254,254,Business,23441.83,Closed
255,2255,255,Checking,59662.46,Closed
256,2256,256,Business,3374.76,Suspended
257,2257,257,Business,90789.82,Active
258,2258,258,Business,33614.04,Suspended
259,2259,259,Checking,93942.36,Closed
260,2260,260,Savings,58783.87,Closed
261,2261,261,Business,-254.92,Active
262,2262,262,Business,16628.3,Closed
263,2263,263,Savings,78646.02,Closed
264,2264,264,Savings,6421.65,Suspended
265,2265,265,Business,53291.54,Suspended
266,2266,266,Checking,14626.91,Active
267,2267,267,Business,57381.82,Closed
268,2268,268,Business,73000.49,Suspended
269,2269,269,Business,30728.86,Closed
270,2270,270,Checking,40265,Suspended
271,2271,271,Checking,69633.12,Suspended
272,2272,272,Savings,54007.13,Active
273,2273,273,Business,79320.59,Suspended
274,2274,274,Checking,17960.01,Suspended
275,2275,275,Business,93910.95,Active
276,2276,276,Savings,89822.08,Closed
277,2277,277,Business,84360.27,Closed
278,2278,278,Savings,42805.79,Active
279,2279,279,Business,6069.65,Active
280,2280,280,Business,15020.02,Suspended
281,2281,281,Checking,88896.74,Closed
282,2282,282,Checking,55477.99,Closed
283,2283,283,Checking,12837.94,Active
284,2284,284,Business,21284.09,Suspended
285,2285,285,Savings,86858.44,Active
286,2286,286,Savings,50127.24,Active
287,2287,287,Business,15436.2,Active
288,2288,288,Business,18546.69,Suspended
289,2289,289,Business,61937.51,Suspended
290,2290,290,Business,74320.99,Active
291,2291,291,Checking,86040.98,Suspended
292,2292,292,Savings,6314.76,Suspended
293,2293,293,Business,72739.34,Suspended
294,2294,294,Savings,75752.3,Closed
295,2295,295,Checking,47120.14,Active
296,2296,296,Business,70278.23,Suspended
297,2297,297,Checking,66862.89,Active
298,2298,298,Savings,47806.67,Suspended
299,2299,299,Savings,85547.65,Active
300,2300,300,Checking,82537.48,Closed
301,2301,301,Savings,40120.42,Closed
302,2302,302,Savings,92557.23,Active
303,2303,303,Business,33261.83,Closed
304,2304,304,Checking,99258.04,Closed
305,2305,305,Savings,88518.65,Active
306,2306,306,Savings,3624.72,Closed
307,2307,307,Savings,75767.26,Active
308,2308,308,Checking,23956.2,Active
309,2309,309,Checking,84306.2,Suspended
310,2310,310,Savings,69713.63,Closed
311,2311,311,Business,66620.66,Suspended
312,2312,312,Business,51050.87,Suspended
313,2313,313,Checking,14388.69,Suspended
314,2314,314,Business,19655.47,Closed
315,2315,315,Checking,58477.6,Closed
316,2316,316,Checking,4458.27,Suspended
317,2317,317,Savings,97041.76,Closed
318,2318,318,Savings,6887.18,Active
319,2319,319,Business,7141.23,Closed
320,2320,320,Savings,4001.13,Suspended
321,2321,321,Checking,35127.42,Active
322,2322,322,Savings,33774.55,Active
323,2323,323,Savings,75631.96,Closed
324,2324,324,Checking,47439.71,Suspended
325,2325,325,Savings,88548.88,Active
326,2326,326,Business,49962.44,Closed
327,2327,327,Business,29348.12,Active
328,2328,328,Business,36363.36,Active
329,2329,329,Checking,12356.13,Suspended
330,2330,330,Checking,44418.35,Suspended
331,2331,331,Business,77366.3,Active
332,2332,332,Savings,46362.13,Closed
333,2333,333,Savings,38987.26,Active
334,2334,334,Business,73774.67,Active
335,2335,335,Business,39510.06,Active
336,2336,336,Savings,3708.44,Closed
337,2337,337,Checking,88718.12,Active
338,2338,338,Business,26096,Closed
339,2339,339,Checking,79224.43,Closed
340,2340,340,Checking,76909.03,Active
341,2341,341,Business,96126.43,Active
342,2342,342,Checking,2080.01,Active
343,2343,343,Savings,41114.36,Closed
344,2344,344,Checking,89792.54,Active
345,2345,345,Savings,93836.07,Active
346,2346,346,Savings,96570.88,Suspended
347,2347,347,Checking,30611.86,Suspended
348,2348,348,Business,59986.82,Active
349,2349,349,Business,23545.77,Suspended
350,2350,350,Business,71809.84,Suspended
351,2351,351,Savings,8015.1,Suspended
352,2352,352,Business,70029.72,Suspended
353,2353,353,Checking,6991.27,Suspended
354,2354,354,Savings,93632.77,Active
355,2355,355,Checking,25512.5,Active
356,2356,356,Checking,79330.27,Suspended
357,2357,357,Savings,64234.63,Closed
358,2358,358,Business,49168.12,Suspended
359,2359,359,Business,77421.31,Suspended
360,2360,360,Checking,42838.87,Active
361,2361,361,Business,66445.88,Closed
362,2362,362,Business,46523.29,Closed
363,2363,363,Savings,99019.2,Active
364,2364,364,Checking,13499.78,Closed
365,2365,365,Savings,23512.61,Suspended
366,2366,366,Checking,91490.36,Closed
367,2367,367,Business,55837.08,Closed
368,2368,368,Checking,11396.8,Closed
369,2369,369,Checking,85982.45,Closed
370,2370,370,Business,70524.65,Active
371,2371,371,Savings,21793.33,Active
372,2372,372,Savings,13491.78,Suspended
373,2373,373,Savings,45772.79,Suspended
374,2374,374,Savings,3946.81,Closed
375,2375,375,Business,59432.13,Closed
376,2376,376,Business,22055.25,Suspended
377,2377,377,Business,15344.87,Closed
378,2378,378,Business,27568.96,Suspended
379,2379,379,Savings,56577.46,Suspended
380,2380,380,Business,8346.76,Active
381,2381,381,Savings,77020.38,Active
382,2382,382,Savings,7200.11,Suspended
383,2383,383,Savings,49681.78,Closed
384,2384,384,Checking,95460.81,Closed
385,2385,385,Business,29952.78,Active
386,2386,386,Checking,45419.38,Suspended
387,2387,387,Savings,27537.03,Closed
388,2388,388,Business,93029.54,Closed
389,2389,389,Savings,36867.27,Active
390,2390,390,Savings,70410.02,Suspended
391,2391,391,Business,91325.63,Suspended
392,2392,392,Savings,36976.81,Suspended
393,2393,393,Business,15210.42,Closed
394,2394,394,Savings,36606.93,Active
395,2395,395,Business,83199.53,Active
396,2396,396,Checking,42318.36,Active
397,2397,397,Business,77597.74,Suspended
398,2398,398,Checking,60528.14,Closed
399,2399,399,Business,5681.19,Active
400,2400,400,Checking,81347.79,Active
401,2401,401,Checking,49579.9,Closed
402,2402,402,Checking,79444.11,Active
403,2403,403,Savings,90155.34,Suspended
404,2404,404,Savings,57986.92,Closed
405,2405,405,Business,93089.55,Closed
406,2406,406,Checking,53039.8,Active
407,2407,407,Business,13372.97,Suspended
408,2408,408,Business,45631.53,Closed
409,2409,409,Checking,22241.3,Suspended
410,2410,410,Business,17804.58,Suspended
411,2411,411,Checking,27074.58,Suspended
412,2412,412,Checking,20507.99,Active
413,2413,413,Savings,10488.3,Closed
414,2414,414,Checking,47595.08,Active
415,2415,415,Savings,51237.78,Suspended
416,2416,416,Savings,17952.92,Active
417,2417,417,Checking,2516.47,Active
418,2418,418,Checking,43520.02,Closed
419,2419,419,Savings,24622.16,Closed
420,2420,420,Business,60957.16,Closed
421,2421,421,Business,31434.72,Closed
422,2422,422,Checking,66762.89,Closed
423,2423,423,Savings,4785.05,Closed
424,2424,424,Checking,72316.26,Active
425,2425,425,Business,40277.91,Active
426,2426,426,Checking,71692.38,Suspended
427,2427,427,Savings,84578.45,Closed
428,2428,428,Checking,88507.27,Suspended
429,2429,429,Checking,10567.07,Suspended
430,2430,430,Savings,233.23,Active
431,2431,431,Business,64915.25,Suspended
432,2432,432,Checking,11987.62,Suspended
433,2433,433,Savings,18937.07,Suspended
434,2434,434,Business,71761.11,Closed
435,2435,435,Checking,61860.5,Closed
436,2436,436,Savings,25460.56,Closed
437,2437,437,Business,77833.43,Active
438,2438,438,Checking,77418.48,Active
439,2439,439,Checking,68339.19,Active
440,2440,440,Savings,75397.97,Suspended
441,2441,441,Business,41218.08,Active
442,2442,442,Checking,4693.23,Suspended
443,2443,443,Business,39297.41,Active
444,2444,444,Checking,-881.96,Suspended
445,2445,445,Business,20935.49,Closed
446,2446,446,Savings,36379.43,Closed
447,2447,447,Checking,15841.03,Suspended
448,2448,448,Business,69345.04,Closed
449,2449,449,Checking,79043.64,Suspended
450,2450,450,Savings,65064.72,Suspended
451,2451,451,Checking,69092.23,Active
452,2452,452,Savings,88793.86,Active
453,2453,453,Business,5850.78,Active
454,2454,454,Savings,24723.56,Active
455,2455,455,Savings,35225.06,Closed
456,2456,456,Savings,67796.84,Suspended
457,2457,457,Business,71834.21,Active
458,2458,458,Savings,78196.1,Active
459,2459,459,Business,85377.95,Closed
460,2460,460,Checking,86199.11,Closed
461,2461,461,Business,31436.92,Suspended
462,2462,462,Checking,13721.39,Suspended
463,2463,463,Savings,18672.75,Suspended
464,2464,464,Savings,98900.06,Active
465,2465,465,Checking,92898.94,Suspended
466,2466,466,Savings,18119.3,Closed
467,2467,467,Checking,57946.94,Closed
468,2468,468,Checking,98822.65,Suspended
469,2469,469,Savings,5533.86,Suspended
470,2470,470,Savings,61290.84,Active
471,2471,471,Business,83777.88,Suspended
472,2472,472,Business,70080.9,Active
473,2473,473,Savings,61621.09,Closed
474,2474,474,Checking,74447.56,Suspended
475,2475,475,Business,26513.97,Suspended
476,2476,476,Checking,70725.08,Active
477,2477,477,Checking,93483.23,Suspended
478,2478,478,Business,73699.32,Active
479,2479,479,Savings,11227.88,Active
480,2480,480,Savings,10122.19,Suspended
481,2481,481,Business,75951.76,Closed
482,2482,482,Business,53839.1,Suspended
483,2483,483,Business,71789.05,Active
484,2484,484,Business,96567.29,Suspended
485,2485,485,Savings,52470.67,Active
486,2486,486,Savings,69500.26,Closed
487,2487,487,Business,85504.48,Closed
488,2488,488,Checking,85730.56,Suspended
489,2489,489,Business,16245.45,Suspended
490,2490,490,Business,21093.37,Closed
491,2491,491,Business,50899.52,Suspended
492,2492,492,Business,18267.44,Active
493,2493,493,Business,15465.32,Suspended
494,2494,494,Savings,81933.64,Suspended
495,2495,495,Business,22105.08,Closed
496,2496,496,Business,34384.51,Active
497,2497,497,Business,99212.17,Closed
498,2498,498,Checking,67305.14,Suspended
499,2499,499,Savings,73948.62,Suspended
500,2500,500,Business,16207.98,Closed
501,2501,501,Checking,72642.25,Active
502,2502,502,Savings,8142.87,Closed
503,2503,503,Checking,69691.72,Closed
504,2504,504,Savings,97452.64,Closed
505,2505,505,Savings,65025.16,Suspended
506,2506,506,Business,97557.9,Suspended
507,2507,507,Business,11306.74,Active
508,2508,508,Business,8007.18,Closed
509,2509,509,Business,2611.56,Closed
510,2510,510,Checking,6022.11,Active
511,2511,511,Business,91103.37,Active
512,2512,512,Checking,53735.11,Closed
513,2513,513,Checking,19494.99,Active
514,2514,514,Business,63881.48,Suspended
515,2515,515,Savings,33860.37,Closed
516,2516,516,Savings,28221.67,Suspended
517,2517,517,Savings,71537,Closed
518,2518,518,Checking,6000.44,Closed
519,2519,519,Business,26668.03,Suspended
520,2520,520,Savings,37875.27,Closed
521,2521,521,Checking,83677.9,Closed
522,2522,522,Business,20240.87,Suspended
523,2523,523,Savings,98905.19,Suspended
524,2524,524,Savings,29145.86,Active
525,2525,525,Checking,50186.65,Closed
526,2526,526,Business,38041.03,Active
527,2527,527,Business,83981.82,Active
528,2528,528,Checking,25427.29,Suspended
529,2529,529,Savings,82486.86,Suspended
530,2530,530,Checking,15906.46,Suspended
531,2531,531,Savings,34161.38,Closed
532,2532,532,Checking,45175.9,Suspended
533,2533,533,Savings,32315.03,Closed
534,2534,534,Savings,19517.41,Closed
535,2535,535,Checking,62145.75,Closed
536,2536,536,Business,43273.33,Active
537,2537,537,Checking,55111.7,Closed
538,2538,538,Checking,92791,Active
539,2539,539,Checking,88408.55,Closed
540,2540,540,Savings,82549.56,Active
541,2541,541,Checking,60442.87,Closed
542,2542,542,Checking,77448.27,Active
543,2543,543,Business,58450.64,Suspended
544,2544,544,Savings,51015.08,Closed
545,2545,545,Business,76107.47,Suspended
546,2546,546,Business,20764.02,Closed
547,2547,547,Savings,96655.34,Closed
548,2548,548,Checking,99365.29,Closed
549,2549,549,Checking,65213.13,Suspended
550,2550,550,Checking,41538.68,Active
551,2551,551,Savings,73950.21,Closed
552,2552,552,Checking,88232.33,Closed
553,2553,553,Business,99330.69,Closed
554,2554,554,Savings,67889.34,Active
555,2555,555,Checking,68506.11,Suspended
556,2556,556,Checking,5766.16,Suspended
557,2557,557,Savings,49366.45,Active
558,2558,558,Checking,90492.97,Closed
559,2559,559,Savings,35847.51,Suspended
560,2560,560,Savings,29063.64,Active
561,2561,561,Business,95019.26,Closed
562,2562,562,Business,59723.31,Closed
563,2563,563,Business,57180.27,Active
564,2564,564,Business,37842.14,Active
565,2565,565,Checking,48931.48,Active
566,2566,566,Savings,30076.69,Active
567,2567,567,Business,39014.36,Suspended
568,2568,568,Checking,32664.16,Suspended
569,2569,569,Business,97941.06,Suspended
570,2570,570,Business,30996.86,Active
571,2571,571,Savings,92100.86,Suspended
572,2572,572,Business,99845.99,Active
573,2573,573,Checking,82848.4,Active
574,2574,574,Savings,84923.7,Suspended
575,2575,575,Savings,12326.31,Closed
576,2576,576,Checking,39257.93,Active
577,2577,577,Savings,77922.06,Suspended
578,2578,578,Checking,26702.38,Closed
579,2579,579,Business,3943.98,Closed
580,2580,580,Savings,6418.9,Active
581,2581,581,Business,34309.03,Suspended
582,2582,582,Savings,77212.28,Active
583,2583,583,Checking,10570.13,Suspended
584,2584,584,Checking,53020.32,Closed
585,2585,585,Savings,82054.75,Active
586,2586,586,Savings,35753.64,Closed
587,2587,587,Checking,93345.36,Closed
588,2588,588,Business,21991.28,Active
589,2589,589,Business,67559.43,Closed
590,2590,590,Savings,82057.08,Suspended
591,2591,591,Business,-361.97,Closed
592,2592,592,Checking,6468.51,Closed
593,2593,593,Savings,19663.83,Suspended
594,2594,594,Checking,38085.33,Suspended
595,2595,595,Checking,11649.38,Active
596,2596,596,Checking,89338.53,Active
597,2597,597,Business,-64.92,Suspended
598,2598,598,Savings,97991.95,Suspended
599,2599,599,Savings,94818.96,Active
600,2600,600,Business,27599.33,Active
601,2601,601,Checking,49252.26,Active
602,2602,602,Business,65218.67,Closed
603,2603,603,Savings,33676.28,Closed
604,2604,604,Checking,93449.04,Closed
605,2605,605,Savings,46678.12,Active
606,2606,606,Savings,79491.13,Suspended
607,2607,607,Checking,76804.8,Active
608,2608,608,Business,27443.69,Active
609,2609,609,Savings,10164.01,Closed
610,2610,610,Checking,82896.31,Closed
611,2611,611,Checking,76837.48,Suspended
612,2612,612,Savings,68097.44,Suspended
613,2613,613,Savings,98013.04,Active
614,2614,614,Checking,7948.71,Active
615,2615,615,Business,24894.85,Suspended
616,2616,616,Savings,80039.46,Suspended
617,2617,617,Business,61320.88,Suspended
618,2618,618,Checking,60136.76,Closed
619,2619,619,Savings,48746.63,Closed
620,2620,620,Savings,66858.38,Suspended
621,2621,621,Checking,48862.83,Active
622,2622,622,Business,23490.36,Closed
623,2623,623,Savings,55128.15,Suspended
624,2624,624,Checking,9978.91,Active
625,2625,625,Business,7392.75,Suspended
626,2626,626,Savings,47370.76,Active
627,2627,627,Savings,49837.34,Active
628,2628,628,Checking,22419.81,Closed
629,2629,629,Business,62698.88,Active
630,2630,630,Business,86356.91,Active
631,2631,631,Checking,57057.94,Closed
632,2632,632,Checking,-856.74,Active
633,2633,633,Savings,46475.46,Suspended
634,2634,634,Checking,15542.13,Active
635,2635,635,Savings,3727.25,Closed
636,2636,636,Business,63700.38,Active
637,2637,637,Business,70845.29,Suspended
638,2638,638,Business,3247.55,Closed
639,2639,639,Business,68291.15,Active
640,2640,640,Savings,87107.63,Suspended
641,2641,641,Checking,45255.58,Closed
642,2642,642,Business,16372.14,Active
643,2643,643,Checking,85027.34,Suspended
644,2644,644,Checking,7328.74,Active
645,2645,645,Savings,60792.86,Active
646,2646,646,Checking,33372.89,Suspended
647,2647,647,Checking,50330.5,Suspended
648,2648,648,Savings,59372.01,Active
649,2649,649,Savings,42222.13,Active
650,2650,650,Savings,3742.61,Suspended
651,2651,651,Savings,95170.81,Suspended
652,2652,652,Checking,-140.57,Closed
653,2653,653,Savings,98626.52,Suspended
654,2654,654,Savings,60147.39,Suspended
655,2655,655,Checking,53215.39,Active
656,2656,656,Checking,55143.25,Closed
657,2657,657,Business,84667.94,Suspended
658,2658,658,Checking,45404.64,Closed
659,2659,659,Business,26658.8,Active
660,2660,660,Savings,96312.69,Suspended
661,2661,661,Checking,23543.41,Suspended
662,2662,662,Business,12714.2,Active
663,2663,663,Savings,92916.4,Closed
664,2664,664,Checking,98679.95,Suspended
665,2665,665,Checking,63239.07,Closed
666,2666,666,Checking,40478.62,Active
667,2667,667,Business,91655.88,Closed
668,2668,668,Business,61463.01,Closed
669,2669,669,Business,73454.4,Active
670,2670,670,Checking,49676.61,Active
671,2671,671,Savings,57217.13,Suspended
672,2672,672,Checking,63769.08,Active
673,2673,673,Savings,44716.74,Active
674,2674,674,Checking,66525.05,Suspended
675,2675,675,Savings,14793.52,Closed
676,2676,676,Checking,18762.87,Active
677,2677,677,Checking,31246.9,Active
678,2678,678,Business,66178.16,Suspended
679,2679,679,Business,21255.61,Suspended
680,2680,680,Checking,18207,Closed
681,2681,681,Business,96712.51,Suspended
682,2682,682,Business,62860.53,Active
683,2683,683,Savings,21279.12,Active
684,2684,684,Savings,40743.56,Closed
685,2685,685,Business,45889.62,Closed
686,2686,686,Business,8705.08,Active
687,2687,687,Business,39903.66,Suspended
688,2688,688,Savings,87665.7,Suspended
689,2689,689,Business,11509.15,Suspended
690,2690,690,Business,90356.17,Active
691,2691,691,Checking,86517.83,Suspended
692,2692,692,Business,35203.7,Suspended
693,2693,693,Checking,45209.06,Closed
694,2694,694,Checking,81024.37,Closed
695,2695,695,Business,92590.12,Suspended
696,2696,696,Checking,61352.23,Suspended
697,2697,697,Checking,44833.58,Suspended
698,2698,698,Business,30020.28,Suspended
699,2699,699,Business,13080.3,Active
700,2700,700,Business,56377.68,Active
701,2701,701,Savings,80129.22,Closed
702,2702,702,Checking,27270.59,Suspended
703,2703,703,Business,66105.08,Suspended
704,2704,704,Checking,54101.92,Active
705,2705,705,Checking,84115.92,Active
706,2706,706,Business,45894.24,Active
707,2707,707,Checking,51400.78,Closed
708,2708,708,Business,68496.21,Closed
709,2709,709,Checking,74705.64,Closed
710,2710,710,Business,54358.97,Active
711,2711,711,Savings,73582.31,Closed
712,2712,712,Savings,35567.84,Suspended
713,2713,713,Checking,43392.03,Suspended
714,2714,714,Business,26017.41,Closed
715,2715,715,Savings,72219.45,Suspended
716,2716,716,Savings,62067.58,Closed
717,2717,717,Savings,49373.83,Active
718,2718,718,Checking,-233.47,Suspended
719,2719,719,Savings,61990.1,Closed
720,2720,720,Savings,91552.58,Active
721,2721,721,Business,27406.67,Active
722,2722,722,Business,89788.33,Active
723,2723,723,Business,20250.54,Active
724,2724,724,Business,63145.87,Closed
725,2725,725,Savings,39384.18,Active
726,2726,726,Savings,41723.26,Suspended
727,2727,727,Savings,12722.03,Closed
728,2728,728,Savings,97585.05,Closed
729,2729,729,Savings,51424.93,Closed
730,2730,730,Savings,26650.67,Active
731,2731,731,Savings,29064.67,Active
732,2732,732,Business,24514.54,Active
733,2733,733,Checking,15439.4,Active
734,2734,734,Business,24020.83,Closed
735,2735,735,Checking,19332.74,Active
736,2736,736,Checking,93994.81,Closed
737,2737,737,Checking,71839.67,Active
738,2738,738,Checking,73881.5,Suspended
739,2739,739,Business,99739.43,Closed
740,2740,740,Checking,21882.03,Suspended
741,2741,741,Business,36865.06,Active
742,2742,742,Checking,47950.52,Suspended
743,2743,743,Checking,64820.95,Suspended
744,2744,744,Business,8716.94,Closed
745,2745,745,Checking,76483.44,Closed
746,2746,746,Savings,78740.51,Active
747,2747,747,Business,65391.74,Closed
748,2748,748,Checking,-502.94,Active
749,2749,749,Business,18418.21,Suspended
750,2750,750,Checking,96128.46,Active
751,2751,751,Checking,71152.92,Suspended
752,2752,752,Savings,92230.22,Suspended
753,2753,753,Business,93523.72,Closed
754,2754,754,Savings,12182.72,Suspended
755,2755,755,Checking,47158.92,Suspended
756,2756,756,Savings,81524.82,Active
757,2757,757,Checking,58917.95,Suspended
758,2758,758,Business,47763.77,Active
759,2759,759,Checking,65354.79,Closed
760,2760,760,Business,89333.14,Closed
761,2761,761,Savings,3612.29,Suspended
762,2762,762,Business,63499.17,Active
763,2763,763,Savings,88076.72,Active
764,2764,764,Business,3692.6,Closed
765,2765,765,Savings,41628.6,Closed
766,2766,766,Checking,37190.01,Active
767,2767,767,Checking,34950.41,Suspended
768,2768,768,Checking,40555.3,Closed
769,2769,769,Business,15036.48,Active
770,2770,770,Savings,23204.69,Active
771,2771,771,Savings,20919.44,Closed
772,2772,772,Checking,84174.23,Suspended
773,2773,773,Checking,62907.49,Closed
774,2774,774,Checking,85434.49,Active
775,2775,775,Checking,73230.26,Active
776,2776,776,Business,37129.98,Active
777,2777,777,Checking,95179.18,Closed
778,2778,778,Business,68642.18,Suspended
779,2779,779,Business,99125.23,Active
780,2780,780,Checking,79332.13,Suspended
781,2781,781,Business,50906.46,Suspended
782,2782,782,Business,30413.08,Closed
783,2783,783,Business,45216.59,Active
784,2784,784,Savings,85043.2,Suspended
785,2785,785,Business,34372.85,Active
786,2786,786,Business,15870.6,Active
787,2787,787,Checking,9706.38,Active
788,2788,788,Savings,43945.24,Suspended
789,2789,789,Checking,48023.12,Closed
790,2790,790,Checking,50896.51,Closed
791,2791,791,Savings,6415.73,Active
792,2792,792,Checking,44492.65,Active
793,2793,793,Savings,79811.91,Active
794,2794,794,Savings,19773.17,Closed
795,2795,795,Savings,22013.58,Active
796,2796,796,Savings,-863.91,Closed
797,2797,797,Savings,47284.77,Suspended
798,2798,798,Savings,-730.57,Suspended
799,2799,799,Business,99776.76,Active
800,2800,800,Business,82254.66,Closed
801,2801,801,Checking,72403.93,Closed
802,2802,802,Checking,57157.74,Active
803,2803,803,Checking,49441.66,Suspended
804,2804,804,Savings,88524.74,Closed
805,2805,805,Checking,91241.33,Suspended
806,2806,806,Checking,97338.78,Suspended
807,2807,807,Checking,37650.82,Closed
808,2808,808,Savings,57425.75,Suspended
809,2809,809,Checking,56258.53,Closed
810,2810,810,Business,5903.24,Closed
811,2811,811,Checking,69825.99,Suspended
812,2812,812,Savings,76689.61,Closed
813,2813,813,Business,80799.87,Active
814,2814,814,Checking,18704.73,Active
815,2815,815,Savings,37640.5,Active
816,2816,816,Checking,11931.87,Closed
817,2817,817,Savings,64165.03,Closed
818,2818,818,Business,32406.3,Suspended
819,2819,819,Business,73682.64,Active
820,2820,820,Savings,84544.45,Closed
821,2821,821,Checking,70976.14,Closed
822,2822,822,Savings,6643.33,Closed
823,2823,823,Business,68955.29,Closed
824,2824,824,Business,30814.26,Active
825,2825,825,Savings,68496.85,Active
826,2826,826,Checking,43526.75,Closed
827,2827,827,Business,97796.78,Active
828,2828,828,Checking,17976.72,Active
829,2829,829,Checking,64842.02,Closed
830,2830,830,Checking,91228.65,Active
831,2831,831,Checking,24581.35,Active
832,2832,832,Checking,62023.1,Closed
833,2833,833,Checking,7290.33,Suspended
834,2834,834,Savings,31468.46,Suspended
835,2835,835,Checking,17008.14,Closed
836,2836,836,Business,20664.95,Active
837,2837,837,Savings,69579,Suspended
838,2838,838,Business,88433.56,Closed
839,2839,839,Savings,27805.83,Closed
840,2840,840,Business,9743.1,Suspended
841,2841,841,Checking,33967.49,Active
842,2842,842,Business,6115.68,Suspended
843,2843,843,Checking,73623.04,Suspended
844,2844,844,Checking,70267.02,Suspended
845,2845,845,Checking,66079.95,Active
846,2846,846,Business,69989.35,Active
847,2847,847,Business,95564.42,Active
848,2848,848,Business,56926.97,Suspended
849,2849,849,Checking,14923.61,Closed
850,2850,850,Business,88529.66,Closed
851,2851,851,Savings,3865.53,Suspended
852,2852,852,Savings,45990.74,Closed
853,2853,853,Savings,88253.44,Active
854,2854,854,Checking,40427.4,Active
855,2855,855,Checking,86857.84,Active
856,2856,856,Checking,18123.42,Closed
857,2857,857,Savings,46196.18,Suspended
858,2858,858,Savings,96700.82,Closed
859,2859,859,Checking,56262.18,Closed
860,2860,860,Checking,20843.52,Closed
861,2861,861,Business,28060.83,Active
862,2862,862,Checking,88221.17,Suspended
863,2863,863,Savings,60732.03,Closed
864,2864,864,Business,17479.06,Active
865,2865,865,Savings,27916.82,Closed
866,2866,866,Savings,50983.08,Active
867,2867,867,Checking,21442.78,Closed
868,2868,868,Savings,56565.77,Closed
869,2869,869,Business,60506.71,Suspended
870,2870,870,Savings,46445.34,Suspended
871,2871,871,Checking,30836.92,Closed
872,2872,872,Checking,53865.67,Active
873,2873,873,Business,39292.42,Suspended
874,2874,874,Savings,98052.93,Suspended
875,2875,875,Checking,22479.76,Active
876,2876,876,Business,98400.64,Active
877,2877,877,Checking,14916.15,Closed
878,2878,878,Savings,35828.8,Suspended
879,2879,879,Business,6927.4,Closed
880,2880,880,Business,33957.85,Suspended
881,2881,881,Savings,50430.53,Suspended
882,2882,882,Business,17023.86,Closed
883,2883,883,Savings,17616.47,Active
884,2884,884,Savings,55426,Suspended
885,2885,885,Checking,31659.44,Active
886,2886,886,Checking,41845.92,Closed
887,2887,887,Savings,37649.31,Active
888,2888,888,Checking,7348.02,Active
889,2889,889,Business,76170.06,Active
890,2890,890,Savings,73939.63,Suspended
891,2891,891,Checking,96706.74,Closed
892,2892,892,Business,53871.51,Closed
893,2893,893,Business,-788.6,Active
894,2894,894,Business,48220.71,Suspended
895,2895,895,Checking,18133.11,Suspended
896,2896,896,Checking,715.37,Active
897,2897,897,Savings,53518.69,Suspended
898,2898,898,Business,39383.9,Suspended
899,2899,899,Checking,22911.85,Active
900,2900,900,Savings,60390.6,Suspended
901,2901,901,Checking,2009.6,Active
902,2902,902,Business,20119,Suspended
903,2903,903,Checking,86518.64,Active
904,2904,904,Business,27338.75,Suspended
905,2905,905,Business,11793.81,Suspended
906,2906,906,Checking,86590.75,Suspended
907,2907,907,Checking,76367.46,Active
908,2908,908,Checking,99025.45,Closed
909,2909,909,Business,26086.05,Suspended
910,2910,910,Business,38451.72,Closed
911,2911,911,Business,41080.83,Suspended
912,2912,912,Checking,46192.44,Active
913,2913,913,Business,26912.08,Closed
914,2914,914,Savings,41190.75,Closed
915,2915,915,Business,82684.67,Active
916,2916,916,Business,8775.07,Closed
917,2917,917,Business,75125.78,Active
918,2918,918,Business,83275.69,Suspended
919,2919,919,Business,96898.56,Active
920,2920,920,Savings,66434.1,Active
921,2921,921,Savings,15000.73,Active
922,2922,922,Checking,17907.99,Closed
923,2923,923,Savings,9203.9,Closed
924,2924,924,Business,12043.85,Suspended
925,2925,925,Savings,90492.4,Closed
926,2926,926,Savings,94768.91,Active
927,2927,927,Savings,12498,Suspended
928,2928,928,Checking,47258.91,Closed
929,2929,929,Checking,49238.52,Active
930,2930,930,Savings,13423.16,Suspended
931,2931,931,Savings,32132.29,Active
932,2932,932,Checking,33791.17,Suspended
933,2933,933,Savings,77541.71,Active
934,2934,934,Checking,87531.52,Closed
935,2935,935,Business,23259.59,Active
936,2936,936,Savings,39023.93,Closed
937,2937,937,Savings,65903.84,Suspended
938,2938,938,Savings,17830.72,Closed
939,2939,939,Checking,19845.43,Closed
940,2940,940,Business,68028.63,Suspended
941,2941,941,Savings,26088.05,Closed
942,2942,942,Checking,27091.22,Closed
943,2943,943,Business,73014.67,Closed
944,2944,944,Business,16767.83,Suspended
945,2945,945,Checking,97503.85,Active
946,2946,946,Business,67937.41,Suspended
947,2947,947,Business,85997,Active
948,2948,948,Checking,88473.76,Active
949,2949,949,Business,71523.6,Suspended
950,2950,950,Business,78704.36,Suspended
951,2951,951,Business,21003.69,Closed
952,2952,952,Business,64188.14,Suspended
953,2953,953,Checking,75063.08,Active
954,2954,954,Business,49656.78,Suspended
955,2955,955,Savings,73953.41,Active
956,2956,956,Business,36882.68,Active
957,2957,957,Business,64510.26,Active
958,2958,958,Savings,79692.56,Active
959,2959,959,Checking,15128.57,Active
960,2960,960,Checking,76203.97,Closed
961,2961,961,Savings,90892.37,Suspended
962,2962,962,Checking,44728.29,Suspended
963,2963,963,Business,90236.69,Closed
964,2964,964,Business,22526.63,Suspended
965,2965,965,Checking,94949.57,Suspended
966,2966,966,Business,30473.73,Suspended
967,2967,967,Savings,79850.56,Closed
968,2968,968,Checking,46625.71,Suspended
969,2969,969,Checking,71632.12,Suspended
970,2970,970,Checking,92046.69,Suspended
971,2971,971,Checking,72303.35,Active
972,2972,972,Business,10313.52,Closed
973,2973,973,Savings,21085.19,Active
974,2974,974,Business,66125.11,Suspended
975,2975,975,Business,33321.93,Closed
976,2976,976,Business,69154.37,Suspended
977,2977,977,Savings,90023.26,Closed
978,2978,978,Savings,59759.75,Suspended
979,2979,979,Savings,16743.45,Active
980,2980,980,Checking,94868.79,Closed
981,2981,981,Business,52307.02,Suspended
982,2982,982,Checking,47774.4,Closed
983,2983,983,Savings,48006.78,Suspended
984,2984,984,Savings,82514.13,Suspended
985,2985,985,Checking,16547.34,Closed
986,2986,986,Checking,84512.88,Closed
987,2987,987,Savings,39038.9,Active
988,2988,988,Savings,24190.37,Closed
989,2989,989,Savings,34103.23,Active
990,2990,990,Checking,-718.85,Closed
991,2991,991,Savings,74218.22,Closed
992,2992,992,Business,1200.68,Closed
993,2993,993,Business,83875.46,Closed
994,2994,994,Savings,49670.69,Active
995,2995,995,Checking,17047.83,Active
996,2996,996,Business,78388.03,Suspended
997,2997,997,Business,93676.82,Closed
998,2998,998,Business,36095.46,Closed
999,2999,999,Savings,38155.44,Closed
1000,3000,1000,Savings,63329.46,Suspended